[
	{
		"constant": false,
		"inputs": [
			{
				"internalType": "address",
				"name": "_owner",
				"type": "address"
			},
			{
				"internalType": "address",
				"name": "_spender",
				"type": "address"
			}
		],
		"name": "allowance",
		"outputs": [
			{
				"internalType": "uint256",
				"name": "",
				"type": "uint256"
			}
		],
		"payable": false,
		"stateMutability": "nonpayable",
		"type": "function"
	},
	{
		"inputs": [],
		"payable": false,
		"stateMutability": "nonpayable",
		"type": "constructor"
	},
	{
		"anonymous": false,
		"inputs": [
			{
				"indexed": true,
				"internalType": "address",
				"name": "_owner",
				"type": "address"
			},
			{
				"indexed": true,
				"internalType": "address",
				"name": "_spender",
				"type": "address"
			},
			{
				"indexed": false,
				"internalType": "uint256",
				"name": "_value",
				"type": "uint256"
			}
		],
		"name": "Approval",
		"type": "event"
	},
	{
		"constant": false,
		"inputs": [
			{
				"internalType": "address",
				"name": "_spender",
				"type": "address"
			},
			{
				"internalType": "uint256",
				"name": "_value",
				"type": "uint256"
			}
		],
		"name": "approve",
		"outputs": [
			{
				"internalType": "bool",
				"name": "",
				"type": "bool"
			}
		],
		"payable": false,
		"stateMutability": "nonpayable",
		"type": "function"
	},
	{
		"constant": false,
		"inputs": [
			{
				"internalType": "uint256[]",
				"name": "_cards",
				"type": "uint256[]"
			}
		],
		"name": "boost",
		"outputs": [
			{
				"internalType": "bool",
				"name": "",
				"type": "bool"
			}
		],
		"payable": false,
		"stateMutability": "nonpayable",
		"type": "function"
	},
	{
		"constant": false,
		"inputs": [
			{
				"internalType": "uint256",
				"name": "_id",
				"type": "uint256"
			}
		],
		"name": "buyether",
		"outputs": [
			{
				"internalType": "bool",
				"name": "",
				"type": "bool"
			}
		],
		"payable": true,
		"stateMutability": "payable",
		"type": "function"
	},
	{
		"constant": false,
		"inputs": [
			{
				"internalType": "uint256",
				"name": "_id",
				"type": "uint256"
			},
			{
				"internalType": "uint256",
				"name": "_value",
				"type": "uint256"
			}
		],
		"name": "buytoken",
		"outputs": [
			{
				"internalType": "bool",
				"name": "",
				"type": "bool"
			}
		],
		"payable": true,
		"stateMutability": "payable",
		"type": "function"
	},
	{
		"constant": false,
		"inputs": [
			{
				"internalType": "string",
				"name": "_cardname",
				"type": "string"
			},
			{
				"internalType": "string",
				"name": "_char",
				"type": "string"
			}
		],
		"name": "createCard",
		"outputs": [
			{
				"internalType": "bool",
				"name": "",
				"type": "bool"
			}
		],
		"payable": false,
		"stateMutability": "nonpayable",
		"type": "function"
	},
	{
		"constant": false,
		"inputs": [
			{
				"internalType": "address",
				"name": "_owner",
				"type": "address"
			}
		],
		"name": "getboostrec",
		"outputs": [
			{
				"components": [
					{
						"internalType": "uint256[]",
						"name": "cards",
						"type": "uint256[]"
					},
					{
						"internalType": "uint256",
						"name": "time",
						"type": "uint256"
					}
				],
				"internalType": "struct CardBase.BoostRecord[]",
				"name": "_boostrec",
				"type": "tuple[]"
			}
		],
		"payable": false,
		"stateMutability": "nonpayable",
		"type": "function"
	},
	{
		"constant": false,
		"inputs": [
			{
				"internalType": "string",
				"name": "_char",
				"type": "string"
			},
			{
				"internalType": "string",
				"name": "_brand",
				"type": "string"
			}
		],
		"name": "pushbrands",
		"outputs": [
			{
				"internalType": "bool",
				"name": "",
				"type": "bool"
			}
		],
		"payable": false,
		"stateMutability": "nonpayable",
		"type": "function"
	},
	{
		"constant": false,
		"inputs": [
			{
				"internalType": "string",
				"name": "_word",
				"type": "string"
			}
		],
		"name": "pushwords",
		"outputs": [
			{
				"internalType": "bool",
				"name": "",
				"type": "bool"
			}
		],
		"payable": false,
		"stateMutability": "nonpayable",
		"type": "function"
	},
	{
		"constant": false,
		"inputs": [
			{
				"internalType": "uint256",
				"name": "_cardid",
				"type": "uint256"
			},
			{
				"internalType": "uint256",
				"name": "_type",
				"type": "uint256"
			},
			{
				"internalType": "uint256",
				"name": "_price",
				"type": "uint256"
			}
		],
		"name": "sell",
		"outputs": [
			{
				"internalType": "bool",
				"name": "",
				"type": "bool"
			}
		],
		"payable": true,
		"stateMutability": "payable",
		"type": "function"
	},
	{
		"constant": false,
		"inputs": [
			{
				"internalType": "uint256",
				"name": "_value",
				"type": "uint256"
			}
		],
		"name": "staking",
		"outputs": [],
		"payable": true,
		"stateMutability": "payable",
		"type": "function"
	},
	{
		"constant": false,
		"inputs": [],
		"name": "totalSupply",
		"outputs": [
			{
				"internalType": "uint256",
				"name": "supply",
				"type": "uint256"
			}
		],
		"payable": false,
		"stateMutability": "nonpayable",
		"type": "function"
	},
	{
		"constant": false,
		"inputs": [
			{
				"internalType": "address",
				"name": "_to",
				"type": "address"
			},
			{
				"internalType": "uint256",
				"name": "_value",
				"type": "uint256"
			}
		],
		"name": "transfer",
		"outputs": [
			{
				"internalType": "bool",
				"name": "",
				"type": "bool"
			}
		],
		"payable": false,
		"stateMutability": "nonpayable",
		"type": "function"
	},
	{
		"anonymous": false,
		"inputs": [
			{
				"indexed": true,
				"internalType": "address",
				"name": "_from",
				"type": "address"
			},
			{
				"indexed": true,
				"internalType": "address",
				"name": "_to",
				"type": "address"
			},
			{
				"indexed": false,
				"internalType": "uint256",
				"name": "_value",
				"type": "uint256"
			}
		],
		"name": "Transfer",
		"type": "event"
	},
	{
		"constant": false,
		"inputs": [
			{
				"internalType": "address",
				"name": "_to",
				"type": "address"
			},
			{
				"internalType": "uint256",
				"name": "_cardId",
				"type": "uint256"
			}
		],
		"name": "transfercard",
		"outputs": [],
		"payable": false,
		"stateMutability": "nonpayable",
		"type": "function"
	},
	{
		"anonymous": false,
		"inputs": [
			{
				"indexed": false,
				"internalType": "address",
				"name": "from",
				"type": "address"
			},
			{
				"indexed": false,
				"internalType": "address",
				"name": "to",
				"type": "address"
			},
			{
				"indexed": false,
				"internalType": "uint256",
				"name": "cardid",
				"type": "uint256"
			}
		],
		"name": "TransferCard",
		"type": "event"
	},
	{
		"constant": false,
		"inputs": [
			{
				"internalType": "address",
				"name": "_from",
				"type": "address"
			},
			{
				"internalType": "address",
				"name": "_to",
				"type": "address"
			},
			{
				"internalType": "uint256",
				"name": "_value",
				"type": "uint256"
			}
		],
		"name": "transferFrom",
		"outputs": [
			{
				"internalType": "bool",
				"name": "",
				"type": "bool"
			}
		],
		"payable": false,
		"stateMutability": "nonpayable",
		"type": "function"
	},
	{
		"constant": false,
		"inputs": [
			{
				"internalType": "uint256",
				"name": "_value",
				"type": "uint256"
			}
		],
		"name": "unstaking",
		"outputs": [
			{
				"internalType": "bool",
				"name": "",
				"type": "bool"
			}
		],
		"payable": true,
		"stateMutability": "payable",
		"type": "function"
	},
	{
		"constant": true,
		"inputs": [
			{
				"internalType": "address",
				"name": "_owner",
				"type": "address"
			}
		],
		"name": "balanceCardOf",
		"outputs": [
			{
				"internalType": "uint256",
				"name": "count",
				"type": "uint256"
			}
		],
		"payable": false,
		"stateMutability": "view",
		"type": "function"
	},
	{
		"constant": true,
		"inputs": [
			{
				"internalType": "address",
				"name": "_owner",
				"type": "address"
			}
		],
		"name": "balanceOf",
		"outputs": [
			{
				"internalType": "uint256",
				"name": "",
				"type": "uint256"
			}
		],
		"payable": false,
		"stateMutability": "view",
		"type": "function"
	},
	{
		"constant": true,
		"inputs": [
			{
				"internalType": "uint256",
				"name": "",
				"type": "uint256"
			}
		],
		"name": "cardIndexToOwner",
		"outputs": [
			{
				"internalType": "address",
				"name": "",
				"type": "address"
			}
		],
		"payable": false,
		"stateMutability": "view",
		"type": "function"
	},
	{
		"constant": true,
		"inputs": [],
		"name": "decimals",
		"outputs": [
			{
				"internalType": "uint8",
				"name": "",
				"type": "uint8"
			}
		],
		"payable": false,
		"stateMutability": "view",
		"type": "function"
	},
	{
		"constant": true,
		"inputs": [
			{
				"internalType": "address",
				"name": "_owner",
				"type": "address"
			}
		],
		"name": "getBoostStatus",
		"outputs": [
			{
				"internalType": "bool",
				"name": "",
				"type": "bool"
			}
		],
		"payable": false,
		"stateMutability": "view",
		"type": "function"
	},
	{
		"constant": true,
		"inputs": [],
		"name": "getbrands",
		"outputs": [
			{
				"internalType": "string[]",
				"name": "",
				"type": "string[]"
			}
		],
		"payable": false,
		"stateMutability": "view",
		"type": "function"
	},
	{
		"constant": true,
		"inputs": [
			{
				"internalType": "uint256",
				"name": "_id",
				"type": "uint256"
			}
		],
		"name": "getCard",
		"outputs": [
			{
				"components": [
					{
						"internalType": "uint256",
						"name": "id",
						"type": "uint256"
					},
					{
						"internalType": "uint256",
						"name": "grade",
						"type": "uint256"
					},
					{
						"internalType": "string",
						"name": "char",
						"type": "string"
					},
					{
						"internalType": "string",
						"name": "cardname",
						"type": "string"
					},
					{
						"internalType": "uint256",
						"name": "time",
						"type": "uint256"
					},
					{
						"internalType": "bool",
						"name": "status",
						"type": "bool"
					},
					{
						"internalType": "bool",
						"name": "sellstatus",
						"type": "bool"
					}
				],
				"internalType": "struct CardBase.Card",
				"name": "",
				"type": "tuple"
			}
		],
		"payable": false,
		"stateMutability": "view",
		"type": "function"
	},
	{
		"constant": true,
		"inputs": [
			{
				"internalType": "address",
				"name": "_owner",
				"type": "address"
			}
		],
		"name": "getdailynftprofit",
		"outputs": [
			{
				"internalType": "uint256",
				"name": "",
				"type": "uint256"
			}
		],
		"payable": false,
		"stateMutability": "view",
		"type": "function"
	},
	{
		"constant": true,
		"inputs": [
			{
				"internalType": "address",
				"name": "_owner",
				"type": "address"
			}
		],
		"name": "getdailystakingprofit",
		"outputs": [
			{
				"internalType": "uint256",
				"name": "",
				"type": "uint256"
			}
		],
		"payable": false,
		"stateMutability": "view",
		"type": "function"
	},
	{
		"constant": true,
		"inputs": [
			{
				"internalType": "address",
				"name": "_owner",
				"type": "address"
			}
		],
		"name": "getnftprofit",
		"outputs": [
			{
				"internalType": "uint256",
				"name": "",
				"type": "uint256"
			}
		],
		"payable": false,
		"stateMutability": "view",
		"type": "function"
	},
	{
		"constant": true,
		"inputs": [
			{
				"internalType": "address",
				"name": "_owner",
				"type": "address"
			}
		],
		"name": "getstakingprofit",
		"outputs": [
			{
				"internalType": "uint256",
				"name": "",
				"type": "uint256"
			}
		],
		"payable": false,
		"stateMutability": "view",
		"type": "function"
	},
	{
		"constant": true,
		"inputs": [
			{
				"internalType": "address",
				"name": "_owner",
				"type": "address"
			}
		],
		"name": "getstakingrecord",
		"outputs": [
			{
				"components": [
					{
						"internalType": "uint256",
						"name": "value",
						"type": "uint256"
					},
					{
						"internalType": "uint256",
						"name": "surplus",
						"type": "uint256"
					},
					{
						"internalType": "uint256",
						"name": "time",
						"type": "uint256"
					}
				],
				"internalType": "struct CardBase.StakingRecord[]",
				"name": "",
				"type": "tuple[]"
			}
		],
		"payable": false,
		"stateMutability": "view",
		"type": "function"
	},
	{
		"constant": true,
		"inputs": [
			{
				"internalType": "address",
				"name": "_owner",
				"type": "address"
			}
		],
		"name": "getUserCards",
		"outputs": [
			{
				"components": [
					{
						"internalType": "uint256",
						"name": "id",
						"type": "uint256"
					},
					{
						"internalType": "uint256",
						"name": "grade",
						"type": "uint256"
					},
					{
						"internalType": "string",
						"name": "char",
						"type": "string"
					},
					{
						"internalType": "string",
						"name": "cardname",
						"type": "string"
					},
					{
						"internalType": "uint256",
						"name": "time",
						"type": "uint256"
					},
					{
						"internalType": "bool",
						"name": "status",
						"type": "bool"
					},
					{
						"internalType": "bool",
						"name": "sellstatus",
						"type": "bool"
					}
				],
				"internalType": "struct CardBase.Card[]",
				"name": "",
				"type": "tuple[]"
			}
		],
		"payable": false,
		"stateMutability": "view",
		"type": "function"
	},
	{
		"constant": true,
		"inputs": [
			{
				"internalType": "address",
				"name": "_owner",
				"type": "address"
			}
		],
		"name": "getusersellcards",
		"outputs": [
			{
				"components": [
					{
						"internalType": "uint256",
						"name": "cardid",
						"type": "uint256"
					},
					{
						"internalType": "uint256",
						"name": "grade",
						"type": "uint256"
					},
					{
						"internalType": "string",
						"name": "char",
						"type": "string"
					},
					{
						"internalType": "string",
						"name": "cardname",
						"type": "string"
					},
					{
						"internalType": "uint256",
						"name": "status",
						"type": "uint256"
					},
					{
						"internalType": "uint256",
						"name": "price",
						"type": "uint256"
					},
					{
						"internalType": "uint256",
						"name": "time",
						"type": "uint256"
					},
					{
						"internalType": "uint256",
						"name": "Type",
						"type": "uint256"
					}
				],
				"internalType": "struct CardBase.TransferRecord[]",
				"name": "",
				"type": "tuple[]"
			}
		],
		"payable": false,
		"stateMutability": "view",
		"type": "function"
	},
	{
		"constant": true,
		"inputs": [],
		"name": "getwords",
		"outputs": [
			{
				"internalType": "string[]",
				"name": "",
				"type": "string[]"
			}
		],
		"payable": false,
		"stateMutability": "view",
		"type": "function"
	},
	{
		"constant": true,
		"inputs": [
			{
				"internalType": "address",
				"name": "_owner",
				"type": "address"
			}
		],
		"name": "indexnftinfo",
		"outputs": [
			{
				"internalType": "uint256[3]",
				"name": "_indexinfo",
				"type": "uint256[3]"
			},
			{
				"components": [
					{
						"internalType": "uint256",
						"name": "id",
						"type": "uint256"
					},
					{
						"internalType": "uint256",
						"name": "grade",
						"type": "uint256"
					},
					{
						"internalType": "string",
						"name": "char",
						"type": "string"
					},
					{
						"internalType": "string",
						"name": "cardname",
						"type": "string"
					},
					{
						"internalType": "uint256",
						"name": "time",
						"type": "uint256"
					},
					{
						"internalType": "bool",
						"name": "status",
						"type": "bool"
					},
					{
						"internalType": "bool",
						"name": "sellstatus",
						"type": "bool"
					}
				],
				"internalType": "struct CardBase.Card[]",
				"name": "_cards",
				"type": "tuple[]"
			},
			{
				"components": [
					{
						"internalType": "uint256",
						"name": "cardid",
						"type": "uint256"
					},
					{
						"internalType": "uint256",
						"name": "grade",
						"type": "uint256"
					},
					{
						"internalType": "string",
						"name": "char",
						"type": "string"
					},
					{
						"internalType": "string",
						"name": "cardname",
						"type": "string"
					},
					{
						"internalType": "uint256",
						"name": "status",
						"type": "uint256"
					},
					{
						"internalType": "uint256",
						"name": "price",
						"type": "uint256"
					},
					{
						"internalType": "uint256",
						"name": "time",
						"type": "uint256"
					},
					{
						"internalType": "uint256",
						"name": "Type",
						"type": "uint256"
					}
				],
				"internalType": "struct CardBase.TransferRecord[]",
				"name": "_trans",
				"type": "tuple[]"
			}
		],
		"payable": false,
		"stateMutability": "view",
		"type": "function"
	},
	{
		"constant": true,
		"inputs": [
			{
				"internalType": "address",
				"name": "_owner",
				"type": "address"
			}
		],
		"name": "indexstakinginfo",
		"outputs": [
			{
				"internalType": "uint256[3]",
				"name": "_indexinfo",
				"type": "uint256[3]"
			},
			{
				"components": [
					{
						"internalType": "uint256",
						"name": "id",
						"type": "uint256"
					},
					{
						"internalType": "uint256",
						"name": "grade",
						"type": "uint256"
					},
					{
						"internalType": "string",
						"name": "char",
						"type": "string"
					},
					{
						"internalType": "string",
						"name": "cardname",
						"type": "string"
					},
					{
						"internalType": "uint256",
						"name": "time",
						"type": "uint256"
					},
					{
						"internalType": "bool",
						"name": "status",
						"type": "bool"
					},
					{
						"internalType": "bool",
						"name": "sellstatus",
						"type": "bool"
					}
				],
				"internalType": "struct CardBase.Card[]",
				"name": "_cards",
				"type": "tuple[]"
			},
			{
				"components": [
					{
						"internalType": "uint256",
						"name": "grade",
						"type": "uint256"
					},
					{
						"internalType": "string",
						"name": "char",
						"type": "string"
					},
					{
						"internalType": "string",
						"name": "cardname",
						"type": "string"
					},
					{
						"internalType": "uint256",
						"name": "time",
						"type": "uint256"
					},
					{
						"internalType": "address",
						"name": "user",
						"type": "address"
					}
				],
				"internalType": "struct CardBase.DropRecord[]",
				"name": "_drops",
				"type": "tuple[]"
			}
		],
		"payable": false,
		"stateMutability": "view",
		"type": "function"
	},
	{
		"constant": true,
		"inputs": [],
		"name": "name",
		"outputs": [
			{
				"internalType": "string",
				"name": "",
				"type": "string"
			}
		],
		"payable": false,
		"stateMutability": "view",
		"type": "function"
	},
	{
		"constant": true,
		"inputs": [],
		"name": "owner",
		"outputs": [
			{
				"internalType": "address payable",
				"name": "",
				"type": "address"
			}
		],
		"payable": false,
		"stateMutability": "view",
		"type": "function"
	},
	{
		"constant": true,
		"inputs": [
			{
				"internalType": "uint256",
				"name": "_cardId",
				"type": "uint256"
			}
		],
		"name": "ownerCardOf",
		"outputs": [
			{
				"internalType": "address",
				"name": "owner",
				"type": "address"
			}
		],
		"payable": false,
		"stateMutability": "view",
		"type": "function"
	},
	{
		"constant": true,
		"inputs": [],
		"name": "sellcards",
		"outputs": [
			{
				"components": [
					{
						"internalType": "uint256",
						"name": "id",
						"type": "uint256"
					},
					{
						"internalType": "uint256",
						"name": "cardid",
						"type": "uint256"
					},
					{
						"internalType": "uint256",
						"name": "grade",
						"type": "uint256"
					},
					{
						"internalType": "string",
						"name": "char",
						"type": "string"
					},
					{
						"internalType": "string",
						"name": "cardname",
						"type": "string"
					},
					{
						"internalType": "uint256",
						"name": "time",
						"type": "uint256"
					},
					{
						"internalType": "uint256",
						"name": "price",
						"type": "uint256"
					},
					{
						"internalType": "bool",
						"name": "status",
						"type": "bool"
					},
					{
						"internalType": "uint256",
						"name": "Type",
						"type": "uint256"
					}
				],
				"internalType": "struct CardBase.SellCard[]",
				"name": "",
				"type": "tuple[]"
			}
		],
		"payable": false,
		"stateMutability": "view",
		"type": "function"
	},
	{
		"constant": true,
		"inputs": [],
		"name": "symbol",
		"outputs": [
			{
				"internalType": "string",
				"name": "",
				"type": "string"
			}
		],
		"payable": false,
		"stateMutability": "view",
		"type": "function"
	},
	{
		"constant": true,
		"inputs": [
			{
				"internalType": "address",
				"name": "_owner",
				"type": "address"
			}
		],
		"name": "tokensCardOfOwner",
		"outputs": [
			{
				"internalType": "uint256[]",
				"name": "ownerTokens",
				"type": "uint256[]"
			}
		],
		"payable": false,
		"stateMutability": "view",
		"type": "function"
	},
	{
		"constant": true,
		"inputs": [],
		"name": "totalCardSupply",
		"outputs": [
			{
				"internalType": "uint256",
				"name": "",
				"type": "uint256"
			}
		],
		"payable": false,
		"stateMutability": "view",
		"type": "function"
	},
	{
		"constant": true,
		"inputs": [],
		"name": "totalsupply",
		"outputs": [
			{
				"internalType": "uint256",
				"name": "",
				"type": "uint256"
			}
		],
		"payable": false,
		"stateMutability": "view",
		"type": "function"
	}
]